Mildrid|Gert|216|Bujumbura|Netherlands Antilles|BA|049a559d-37c9-4b2e-b17a-27146ee7fc1c
Jobi|Gerge|217|Francistown|Saint Kitts and Nevis|KR|bcbe4638-3674-4f76-a462-b8ddbfce60b3
Carmencita|Nisbet|218|Zapopan|Bosnia and Herzegovina|MQ|b62ef878-a964-4977-b34c-b17cf9ab8a21
Melanie|Fredi|219|Vientiane|Tajikistan|GN|48214c0c-99d2-44d8-9bd3-55670c6dd3be
Laure|Konyn|220|Hanoi|United States|CN|69215c6c-3cf6-4ce0-b1cd-198ca3f3715f
Berget|Carri|221|Athens|Bahrain|TC|af939b8b-5bbe-4dba-a91e-ddb611beaaa1
Tatiania|Pitt|222|Melekeok|Reunion|MZ|e4fc7985-9dbe-4ff3-bdec-97f60008185d
Wynne|Abbot|223|Zürich|Kenya|PR|1154e627-5730-4d04-879f-ac68f2894466
Tamqrah|Shanley|224|Kansas City|Mauritania|BO|3db212ba-27e5-46fa-b2a2-16aa838c4af2
Hannis|Wind|225|Yekaterinburg|Norway|BD|46150a4b-d261-4173-b10f-1854e6954aeb
Gloria|An|226|N'Djamena|Palestinian Territory, Occupied|MZ|5fcb06fc-cdb6-4c3a-bc10-6262c354d1d3
Gaylene|Tiffa|227|Newcastle|Anguilla|BZ|36b13031-a5b8-48dd-ace5-4a88cdd05f9f
Fayre|Bari|228|Porto-Novo|Monaco|ZA|08a12e85-27e5-4325-9b85-18022381d83d
Fredericka|Dannye|229|Yerevan|Mali|VI|0e22ea9e-00ff-4ebc-803f-9cb07f1d383a
Ida|Alisia|230|Kabul|Hong Kong|FK|ba587baf-54a9-45b8-9432-64511b60addc
Dyann|Pierette|231|Toronto|Northern Mariana Islands|IR|4ccac42e-6c3b-4ce4-9e76-4644857abde1
Kary|Revkah|232|Dededo|Guatemala|TW|1cdabfc4-6126-4944-aa1c-729905810a73
Jobi|Berl|233|Puebla|Macao|BO|579b6495-fb32-4601-aeba-9297de274bb4
Fanny|Voletta|234|Charlotte|Bermuda|FM|fdd51b68-f28b-45b5-9cf1-10a2a49539e1
Barbi|Vittoria|235|Durango|Mauritania|TR|751bb923-57ce-4bd6-b37b-bb18f9e367a5
Ira|Kazimir|236|Nizhny Novgorod|Cook Islands|PY|b628cb31-8561-4e34-914a-fe59878205fa
Vanessa|Leler|237|Nukuʻalofa|Barbados|MT|52307736-f393-4081-ba62-d1836f07074a
Adele|Reidar|238|Oslo|Micronesia, Federated States of|VG|f4993588-984a-46b6-86dc-5dd35b4fe902
Halette|Lucienne|239|Jayapura|Colombia|TG|b159682d-8527-4da2-a70d-a3b13a7ff601
Allyce|Zaslow|240|Kaliningrad|Sudan|TZ|c7dd2947-2dff-4297-a863-239e2f249d22
Janey|Roscoe|241|Tartu|Uganda|VU|0a276169-7cd8-4b55-8cbe-eb0730108105
Kayla|Tound|242|Kolkata|Wallis and Futuna|ET|133915da-9940-49d8-bb22-112b04864119
Gale|Primalia|243|Arequipa|Maldives|AE|bd7d94bc-f913-4c1f-b5e2-db56bebf0e61
Imojean|Ferino|244|Labasa|Burundi|TC|359c3052-43ed-430c-b786-2e54861abce3
Gerianna|Trace|245|Edmonton|Algeria|TL|cfd3c0df-19a9-43cc-9aec-e7d3ea9394d8
Madeleine|Emmy|246|Maceió|Mongolia|NU|42b1a2e8-d661-476a-ad01-77e1842bedbd
Neila|Bohlin|247|Tagbilaran|Martinique|AE|67640de9-778a-4803-b665-d8ad086c3a04
Viki|Kylander|248|Indianapolis|Sao Tome and Principe|HU|9e0cad4f-3ec6-45a0-b8db-5291fa6e4c6d
Bee|Hubert|249|Ahmedabad|Burkina Faso|VG|724304b8-b94c-46f9-bc99-c7294301c4ef
Elora|Jaylene|250|Ushuaia|Gibraltar|MD|32fa2c19-639a-4943-898f-a918cae129da
Claudina|Constancy|251|Accra|Gibraltar|HM|13d70810-20c0-4a68-a9dd-836c161089f5
Carmencita|Matthew|252|Manchester|Switzerland|MD|cab617dc-945b-4510-bae4-a0a47a782415
Alex|Dominy|253|Hat Yai|Armenia|PK|14ae8cba-4a4c-4df1-9195-ffbb529b3c22
Brianna|Fitzsimmons|254|Malacca Town|Nicaragua|GF|dc84e0b5-c31b-4875-b258-8db82018d7c1
Kellen|Goddard|255|Santiago de Cuba|Palestinian Territory, Occupied|UA|109578e0-6b26-4d21-ad78-198b41bd7804
Marline|Argus|256|Hiroshima|Azerbaijan|CL|2ed55858-f0fa-4504-9703-080abfe54a11
Ruthe|Milson|257|Ipoh|Bosnia and Herzegovina|SZ|0d0a21bf-9f13-4cee-bda4-fe807c6785c4
Lilith|Dannye|258|Brussels|Reunion|SL|796090c1-0a2b-48d6-966b-b780ecb99916
Clarice|Breed|259|Pretoria|Georgia|SC|91a53fb2-adc9-49c0-89d5-af2b03c5c109
Karolina|Bury|260|Denpasar|Equatorial Guinea|CN|20a64392-7dc9-4596-96fe-1062360346ea
Katharina|Holbrook|261|Monaco|Macao|KR|fac6f9de-307d-43bb-8585-eadc7ff40864
Gertrud|Lasley|262|Quito|Finland|NF|0b3b9fb2-8c68-4cb8-a00c-1bbeef10b155
Myrtice|Catie|263|Medina|Bosnia and Herzegovina|MH|7f82d2ed-eac3-4494-90b1-94238d9a4381
Marjie|Nelsen|264|Mata-Utu|American Samoa|OM|6b7dce61-7fde-444d-b5e4-964f2b6e4a2f
Amelia|Woodberry|265|Naples|South Africa|NF|29768860-4d73-4ef5-90e0-3e90278770ed
Melanie|Mendez|266|City of San Marino|Spain|VI|0a54cda8-483b-4050-8846-ff8175d61872
Marika|Reneta|267|Malé|Mozambique|HM|ae6d6217-80fb-4410-bf57-d60e0c834eb7
Jacenta|Baptlsta|268|Asmara|Chile|BO|a954b2f1-339a-472a-ba41-f37ef4a05f91
Eve|Muriel|269|Adelaide|United Arab Emirates|TV|19974060-5520-4ba8-92ed-d9070da2a135
Kathi|Arathorn|270|Detroit|Falkland Islands (Malvinas)|LY|d5d309b7-3992-4525-a5b3-4d28f499f086
Julieta|Phaidra|271|Nice|Suriname|VN|a9653517-20c6-44ac-800f-0f6fab41ed58
Claresta|Palocz|272|Baltimore|Denmark|UZ|b3f0a7a0-839a-47dd-b1ad-45fc1f0cc40d
Lenna|Garek|273|Rotterdam|Norway|SY|4b6c1d3e-c956-49e9-a302-53d515990b9d
Esmeralda|Loeb|274|Cardiff|Brunei Darussalam|DZ|264f0166-af39-4ac5-b73f-ee76f94a80ac
Magdalena|Peti|275|Pretoria|Italy|GD|c2c8f08a-cea8-485b-8062-c57f69bd1068
Riannon|Morehouse|276|Chicago|Ethiopia|NG|6e85fbd8-f186-426c-9779-fc321e76d111
Dagmar|Scammon|277|Kaohsiung|Netherlands|LB|d56d8405-ed1d-4df9-88a0-a68eb67e5493
Jinny|Grayce|278|Vitória|Burundi|HN|4dff2333-6615-4555-81f4-d408c4b76e17
Atlanta|Dearborn|279|City of San Marino|Congo, The Democratic Republic of the|GG|16e1529c-c867-41d1-b9bd-c1b1af3aaed5
Trudie|Gilbertson|280|Moscow|India|MA|b357b709-e7a1-4d51-9355-14aabb5b4deb
Raf|Larochelle|281|Sapporo|Macedonia, The Former Yugoslav Republic of|CG|4d7ae086-e45c-4668-b422-665740331f99
Ann-Marie|Deny|282|Birkirkara|Australia|BS|dd6adb0b-ab40-48b1-80c9-272c7fd898d1
Caryl|Danby|283|Chuí|Afghanistan|MA|9334e25d-8dfe-4572-bedf-8f7f92055ce5
Fernande|Norvol|284|Sana'a|Tanzania, United Republic of|HK|34b8f951-8de9-4486-91cc-d0e682f94d84
Krystle|Joni|285|Castries|Sweden|KH|b3ea343b-0af3-4930-a585-98bc970c5bc4
Etta|Dex|286|Medina|Vanuatu|BG|7fb28fcd-5aa6-4161-bcd4-084b74f5bc50
Veda|Grayce|287|Montevideo|Madagascar|MM|4bd6b633-b598-4d04-af46-46148bcf8bdc
Ada|Bryna|288|Adamstown|Belarus|IN|20b70a78-6fe5-49e1-aa93-244f285e094e
Grier|Wareing|289|Lomé|Puerto Rico|KZ|8942f348-8ff9-40a6-bd84-edb7921c0255
Lulita|Stacy|290|Bratislava|Nauru|YT|7de8d313-bb3f-4a35-9fe6-59d324d60bbd
Consuela|Irmine|291|Almaty|Botswana|SH|dcb6db74-87ff-470d-a4c7-11331c48bf4b
Danika|Justinn|292|Kota Bharu|Niger|SY|ee79f642-79d3-44d8-b176-ae5c3e335092
Karlee|Bultman|293|Port Hedland|Greece|ET|206e11d2-4666-4a27-951f-1d27eb73944d
Angelique|Amand|294|Nanning|Singapore|AF|f5a00339-d5b8-4e2d-ad42-c59a6310b737
Fred|Baudin|295|Kyoto|Chad|SE|a1bbb997-f820-43f3-a8aa-ca1533345d56
Siana|Richers|296|Oranjestad|Thailand|BA|a64172a3-e015-4fb0-9858-90f69924533d
Kristan|Sallyann|297|Guatemala City|Liechtenstein|TO|02859ecb-be65-48f1-aaa3-0b37846f1e54
Vinita|Standing|298|Wuhan|Kiribati|BE|0c0c55ce-20d1-4c85-8c98-c3a2c0ab70e6
Cathie|Arne|299|Brasília|Austria|MT|65251cf4-94c4-429d-a431-61f30a2fb236
Alejandra|Alice|300|Basra|Mauritius|KW|3e69c68f-f52b-4702-941b-4e7c80baa8ed
Teddie|Deny|301|Amsterdam|Lesotho|KG|a24ee5a5-4b99-4687-8afb-29e90f64d341
Florencia|Quent|302|Tartu|Belize|IS|d7733f63-a5f5-4e34-a4e8-c2c29ff1b180
Mahalia|Malanie|303|Tirana|Jamaica|JE|6d2b7d80-0291-45ef-8b63-da579d3dd71d
Neila|Danby|304|Monrovia|Samoa|DJ|daf57479-a708-4d33-8ee1-c31d188bcf1c
Ardenia|Chapland|305|Alexandria|Paraguay|KP|7629d35a-7ba5-4c5b-8324-df728675cb0b
Marita|Gale|306|Kano|Palau|AF|c541ff29-9ccb-462f-b99e-004df41a79ef
Sharlene|Morehouse|307|Tallinn|Argentina|BF|6634e698-ea57-4ef4-8f00-0060068f3972
Edyth|Nore|308|Labasa|Somalia|BM|a4cf0207-e411-495d-b853-444e44ef14a4
Peri|Pacorro|309|Chişinău|Gabon|IQ|a362b253-284b-4699-b9bb-3ae97de5ebb4
Trixi|Urias|310|N'Djamena|Djibouti|ES|c813ab8f-1f17-460d-bb0a-2db3c1beed09
Elmira|Gaulin|311|Apia|French Southern Territories|FM|bb2c7be7-5cea-425e-bcef-f29dce69897a
Helsa|Bluh|312|Medan|Qatar|MQ|7ec550d2-7c7c-407d-972c-30f97e2111f9
Ivett|Merriott|313|Horta (Azores)|Peru|TJ|250b5953-fb4e-4ecb-a56f-e3b9270d931c
Louella|Shields|314|Washington|Bahrain|TF|f18e591d-e4c8-4b8f-a881-22fd94ec7465
Lanna|Amadas|315|Chuí|Nepal|TK|62ebf772-effe-44e3-80d6-f9debf8db21f
Desirae|Saint|316|Winnipeg|Cyprus|SN|3863c5b7-bb65-48fc-bbdd-dfe336668e7d
Elena|Celestine|317|Kansas City|Suriname|HK|d15d68b5-e77e-44f9-8715-b893d6eb3afc
Bobinette|MacIntosh|318|Strasbourg|Antigua and Barbuda|TH|f832a79b-f699-4b1c-9d27-994beeafbd75
Anica|Azeria|319|Mandurah|Haiti|TG|dd37f953-dbbc-49b9-9e80-8e95732afb0a
Abbie|Johanna|320|Mogadishu|"Lao People""S Democratic Republic"|CA|1cdb07a5-2cf4-40c0-aa2e-d93a54cd080c
Jaclyn|Pettiford|321|Wellington|Myanmar|ML|1c845152-6012-4f52-96d9-a83fa20ab44a
Babita|Lareena|322|Rockhampton|Sudan|AN|4598c59b-1713-4881-8ae5-387706380b1a
Aili|Horan|323|Washington|Viet Nam|MT|980f227c-3e24-4a19-9b98-f07cf833d1bb
Dominga|Denis|324|Hanover|Marshall Islands|CF|69c847e9-be90-4513-98b5-1f8cf543e257
Katharina|Garek|325|Naples|Chile|EC|48a3d4b3-a9c4-4d13-a698-91607df73c41
Cyndie|Pacorro|326|Konya|Mayotte|VG|6108dbf4-e352-44fb-a38a-8d7f1d860411
Sam|Zrike|327|Harbin|Ghana|BT|71d18964-6e0a-44d1-8d1e-9c8e8579b2ae
Stacey|Iaverne|328|Weno|China|HT|668d89e8-796d-435d-86de-c39829da410b
Althea|Bendick|329|Nairobi|Palau|RO|4e683819-ab9b-4a00-9257-dae56080e6ca
Melina|Levey|330|San Francisco|Papua New Guinea|NL|7b4867db-76be-4a23-a96e-ece2d6ea5868
Sidoney|Yate|331|Mérida|American Samoa|NC|bf9df33f-699b-4f43-bf43-f23a7d959828
Willetta|Wesle|332|Port Moresby|Indonesia|TZ|5381fc44-f949-4884-88ec-8da8ef918f1b
Cassondra|Magnolia|333|Managua|Guinea-Bissau|BA|31bcc619-0915-45c5-b7a1-ab087b0bf467
Tressa|Cottle|334|Malmö|Fiji|BV|da6585d5-2523-4890-82f7-c207a2bbe923
Gianina|Hull|335|Shanghai|Venezuela|LC|31734862-1050-4619-990a-cb348c3d5e09
Cissiee|Aida|336|Quebec City|Barbados|GS|af7b8c8e-4fd2-4959-a0a8-6937a27a8e68
Judy|Pitt|337|St. John's|Denmark|NL|09c78807-909c-4e3d-bf5c-256e66898ce7
Alex|Wyn|338|Lucknow|Chad|SL|ed7c4cf1-c12a-4456-adf4-19b0485fcd07
Cissiee|Anis|339|Phoenix|Puerto Rico|IO|f72ed401-7ee0-44dc-b671-128e1a973a0c
Shannah|Nance|340|Indianapolis|Sri Lanka|SK|b3fb2100-8d40-4bb9-b8b9-3a25197d836f
Deirdre|Autrey|341|Winnipeg|Netherlands Antilles|SC|f93c3c16-309c-41dc-9ca5-181131b7e30e
Lauryn|Henebry|342|Melekeok|Slovakia|PN|0a7c797c-86a8-4487-9554-f8c41987c804
Cathyleen|Yuille|343|Cannes|Tanzania, United Republic of|CK|c653a517-c451-41a9-9304-4b08ba9c38f1
Ada|Cookie|344|New Orleans|Cyprus|PT|9c97ceef-0b3f-4601-b604-c5d2cf598776
Alejandra|Bluh|345|South Tarawa|Turkey|AO|324aa299-1911-4d3a-9acc-345b073f993d
Ayn|Pierette|346|Tashkent|Solomon Islands|CZ|54ca940b-70f6-4266-9f1a-c670b84112f9
Henriette|Liva|347|Gaborone|Bangladesh|SV|bfaf283c-a8bf-4f28-89ac-7bd3634a607b
Kaja|Chobot|348|Hong Kong|Niger|BE|3bd703ff-922f-4205-b4f5-f2c6c5a86fed
Rhea|August|349|Petropavlovsk-Kamchatsky|AndorrA|GN|93f47177-0e9d-452d-b934-db9d22baaede
Mignon|Laverne|350|Oslo|Lebanon|CH|a893d679-cf6a-4d9a-8d70-4bda654c0861
Dulcinea|Ciapas|351|Gaza|Mali|BN|c7064b9f-7315-4fd4-936c-53a979bf4990
Shandie|Izaak|352|Addis Ababa|South Georgia and the South Sandwich Islands|CN|b82bb629-828e-4b37-bbf1-305566e33e10
Flory|Elisha|353|Busan|"Cote D""Ivoire"|LB|7dd0f8f8-55f6-4be3-a9ba-24c89758e72d
Luci|Tremayne|354|Casablanca|Belgium|VE|107a4b10-e3df-486f-ae44-4474d5737aa4
Eolanda|Muriel|355|Tampa|Greece|BA|d25bd7e9-34c9-4d72-a5d1-fd89b39de2f9
Joceline|Nikaniki|356|Lucknow|South Georgia and the South Sandwich Islands|NE|55946e7b-0b41-4243-8013-fd8d3c631ce9
Farrah|Land|357|Iquique|Kenya|AO|62a661c9-eb0d-44e9-b58d-150239465276
Josephine|Haymes|358|Santa Cruz de la Sierra|Holy See (Vatican City State)|GA|ff5a5a24-55db-42fa-9197-939e028ea824
Ashlee|Merat|359|Wuhan|American Samoa|IO|05070734-c14f-4e7a-9c23-8a812277fd9b
Alex|Loleta|360|Maracaibo|Guernsey|BW|22a7421c-faf4-4a2a-9cfa-785124a0e0a7
Doro|Malvino|361|Papeete|Swaziland|GI|f209a1d2-ef76-44b1-8a3a-4b9976aa2aac
Chrystel|Kendrick|362|Davao City|Papua New Guinea|NI|55717f08-86fc-4df7-9029-45e081f2dc95
Alie|Cimbura|363|Munich|Cyprus|GL|f8fde452-3088-4b60-835c-5c1799b292b5
Ellette|Suzetta|364|Makati City|Japan|KY|7c7726d2-2b3b-4cac-b91b-983d92bbd276
Willetta|Lorain|365|Ibiza|Bolivia|MD|33be3801-091f-4496-90cb-b29075ec378f
Codie|Chick|366|Stanley|Norfolk Island|LT|157f5e15-e705-4956-8750-cc2838e2cb91
Annora|O'Carroll|367|Ho Chi Minh City|Japan|IR|101cc261-42e8-4ef7-b7bc-a67e36b510a9
Halette|Olnee|368|Amsterdam|Åland Islands|JP|9610949a-1803-4b39-ab4e-e640dc55504e
Britni|Gale|369|Nukus|Cyprus|BV|ea4e6dd8-5d35-4e99-879f-6514198318d0
Hildegaard|Cottle|370|Chişinău|Tonga|CO|70b204ba-0852-4460-a91b-d80433ee9600
Tobe|Toni|371|Praia|Jordan|LC|773825f1-ae52-4c8d-8a41-c82bffabe8b2
Fidelia|Gerge|372|Graz|Ghana|JO|186d0fca-5260-4405-88c5-303dd0818185
Lila|Belanger|373|Bandar Seri Begawan|Macao|NA|e893c1d5-5ee5-4a45-98ca-e5a8583985a0
Vonny|Katrine|374|Shenyang|Mozambique|KZ|2b857b07-462d-4bba-9f92-ea27cce5cd59
Rochette|Ezar|375|Malang|Eritrea|FR|ae13167f-84c7-4234-b24b-e944a4f05d7f
Vita|Pierette|376|Riyadh|Gibraltar|AM|ad91cb11-9ec8-42fa-a1d3-ee933ad0e16f
Wilma|Cohdwell|377|Ndola|Japan|LU|d6a20a52-27b7-4cf3-91c5-cd18c79d87aa
Marnia|Wilona|378|Naypyidaw|Indonesia|GE|05b82c7a-571a-4fea-be54-43e39b89f239
Fawne|Milson|379|Mamoudzou|Trinidad and Tobago|GG|57249028-2e2e-4d8b-87d5-f8217903059c
Augustine|Ahab|380|Malang|Barbados|RO|04d9da93-331e-492f-993a-c307c659571a
Viviene|Mayeda|381|Chişinău|Madagascar|PW|f28678bd-0232-46cf-b393-d253603309a1
Alejandra|Parette|382|Tabriz|Eritrea|SN|74ea6ecb-6cf7-4e61-bc55-9d9bd2ae4357
Jan|Fillbert|383|Conakry|AndorrA|TK|2cadae4c-cf36-4421-b68f-7454e5d994ea
Rori|Rocray|384|Port Elizabeth|Aruba|TN|8c4ab2db-edf4-4c44-a244-baff48509a5f
Korrie|Danby|385|Adana|New Zealand|GN|0c6c250b-a443-4d13-80d8-46076181a600
Jenda|Hull|386|Ipoh|United States|AT|6616f572-377a-4ddd-8109-96072e886400
Shaine|Aldric|387|Saint John|Iran, Islamic Republic Of|LR|e074c69d-a5ee-43f3-ac99-2ccf01bd7512
Dolli|Jobi|388|San José|"Lao People""S Democratic Republic"|GA|ae0e9056-5f89-418d-8889-6c027df5036c
Gertrud|Bivins|389|Serekunda|Angola|VI|ea8b7a40-430b-4c08-90e4-95a7982ab3fc
Lorne|Sothena|390|Lilongwe|Bahamas|ES|5c5a75fb-94b1-47da-91da-ada83ba3d179
Lacie|Campball|391|Cebu City|Slovenia|BN|aa506b2c-006c-473d-9994-9ff3ee995492
Christian|Wareing|392|Tripoli|Tuvalu|IT|887fb145-ddf6-4781-9e83-05c089fe99fb
Dione|Tamsky|393|Adamstown|Mali|TH|e3838e9f-a918-45bd-bd64-49e2314dc82c
Wanda|Niccolo|394|Yangon|Somalia|BW|dbe67e89-d7c7-4190-94e4-5230aa42c937
Carilyn|Gherardo|395|Guadalajara|Egypt|LV|18817a97-e0f9-4198-b739-6a89ee708797
Moyna|Riordan|396|Zürich|Liberia|BA|ed7d06fa-288d-4889-b12b-544dfa884e96
Rosanne|Katrine|397|Wichita|Colombia|GB|e00bbe05-11e5-42c9-944b-39ebbce74572
Elena|Serilda|398|Saskatoon|Botswana|US|3805926d-7232-4d67-a489-bd66205d9608
Wynne|Morehouse|399|Saint-Denis|Turks and Caicos Islands|SD|d623bb91-1bc0-4401-b5a0-afccab795499
Rori|Wenda|400|Nicosia|Singapore|GM|cc4b40ee-f0c0-42a5-9cde-586bbacb5b50
